Oraș,Cartier,Tip,Suprafață (mp),Nr. camere,Etaj,An construcție,Preț (EUR),Preț/mp (EUR)
București,Dorobanți,Casă,175,6,,1967.0,390000,2226
Cluj-Napoca,Centru,Apartament,53,1,0.0,1983.0,141000,2653
București,Dorobanți,Casă,82,4,,2023.0,234000,2856
București,Drumul Taberei,Apartament,84,2,,1988.0,120000,1425
București,Pipera,Apartament,44,2,2.0,1963.0,87000,1983
București,Berceni,Apartament,94,1,6.0,2022.0,143000,1518
București,Pantelimon,Casă,151,6,,2002.0,202000,1336
București,Pipera,Casă,116,3,,1978.0,255000,2198
București,Dorobanți,Apartament,90,4,2.0,1940.0,189000,2096
București,Ilfov / Voluntari,Casă,154,3,,1976.0,243000,1575
Cluj-Napoca,Zorilor,Casă,159,3,,2006.0,420000,2643
București,Drumul Taberei,Apartament,64,2,3.0,1978.0,78000,1223
București,Victoriei,Apartament,44,2,,2019.0,95000,2161
București,Floreasca,Casă,175,3,,1968.0,377000,2157
Cluj-Napoca,Zorilor,Casă,162,5,,1979.0,356000,2196
Cluj-Napoca,Bună Ziua,Casă,205,3,,2019.0,500000,2440
Cluj-Napoca,Florești,Apartament,99,2,1.0,1938.0,151000,1524
Cluj-Napoca,Grigorescu,Apartament,83,1,6.0,1983.0,166000,2003
Cluj-Napoca,Bună Ziua,Apartament,75,2,9.0,1984.0,157000,2099
Cluj-Napoca,Andrei Mureșanu,Casă,150,4,,2022.0,487000,3248
București,Dorobanți,Apartament,85,2,7.0,2016.0,257000,3023
București,Pipera,Casă,217,5,,1961.0,483000,2225
Cluj-Napoca,Florești,Casă,82,3,,2010.0,185000,2260
București,Drumul Taberei,Apartament,28,4,2.0,1985.0,36000,1288
București,Ilfov / Voluntari,Casă,183,4,,1990.0,278000,1521
București,Militari,Apartament,35,3,8.0,2016.0,57000,1625
Cluj-Napoca,Florești,Apartament,77,3,,2014.0,167000,2169
București,Aviației,Apartament,116,2,3.0,2007.0,272000,2346
București,Floreasca,Casă,147,5,,1998.0,331000,2253
București,Băneasa,Casă,140,5,,2023.0,402000,2873
București,Ilfov / Voluntari,Casă,176,4,,1973.0,266000,1510
Cluj-Napoca,Andrei Mureșanu,Apartament,103,4,10.0,1956.0,237000,2300
București,Victoriei,Apartament,41,2,4.0,1986.0,81000,1976
București,Floreasca,Apartament,82,2,10.0,2022.0,206000,2515
București,Berceni,Apartament,72,1,,1988.0,87000,1213
Cluj-Napoca,Grigorescu,Apartament,64,3,7.0,1998.0,143000,2235
Cluj-Napoca,Andrei Mureșanu,Apartament,93,3,8.0,2000.0,269000,2893
Cluj-Napoca,Gheorgheni,Apartament,100,1,2.0,1987.0,209000,2086
Cluj-Napoca,Mănăștur,Apartament,51,3,0.0,1979.0,67000,1310
București,Pipera,Casă,179,4,,1988.0,393000,2193
București,Aviației,Apartament,54,1,0.0,2021.0,130000,2406
București,Floreasca,Apartament,77,3,2.0,1964.0,200000,2599
București,Aviației,Apartament,28,2,9.0,1989.0,54000,1925
Cluj-Napoca,Florești,Casă,110,4,,1998.0,187000,1701
Cluj-Napoca,Andrei Mureșanu,Apartament,104,2,2.0,1975.0,267000,2571
Cluj-Napoca,Bună Ziua,Casă,157,4,,2020.0,481000,3061
Cluj-Napoca,Bună Ziua,Apartament,82,2,3.0,2007.0,198000,2420
București,Victoriei,Apartament,32,3,9.0,2018.0,75000,2347
București,Titan,Apartament,56,2,0.0,2021.0,80000,1429
București,Băneasa,Apartament,57,2,3.0,2007.0,148000,2602
București,Pipera,Casă,153,4,,1990.0,355000,2322
București,Victoriei,Apartament,124,2,8.0,,294000,2370
Cluj-Napoca,Grigorescu,Apartament,28,1,5.0,1985.0,59000,2095
București,Victoriei,Apartament,76,3,9.0,1973.0,132000,1736
București,Ilfov / Voluntari,Casă,142,5,,2013.0,280000,1969
Cluj-Napoca,Gheorgheni,Apartament,89,2,8.0,2006.0,201000,2259
Cluj-Napoca,Andrei Mureșanu,Apartament,99,3,8.0,2021.0,282000,2851
București,Victoriei,Apartament,50,2,6.0,2020.0,133000,2657
București,Victoriei,Apartament,101,3,4.0,1988.0,189000,1874
Cluj-Napoca,Centru,Apartament,65,2,7.0,2011.0,238000,3663
București,Dorobanți,Casă,188,6,,1987.0,464000,2469
București,Victoriei,Apartament,80,2,9.0,1988.0,148000,1850
Cluj-Napoca,Gheorgheni,Apartament,71,4,8.0,2016.0,202000,2846
București,Aviației,Apartament,43,2,10.0,1995.0,99000,2311
Cluj-Napoca,Dâmbul Rotund,Apartament,44,4,4.0,1996.0,78000,1784
Cluj-Napoca,Florești,Casă,109,5,,1996.0,236000,2168
București,Victoriei,Apartament,81,3,4.0,,206000,2542
București,Aviației,Apartament,57,2,4.0,2021.0,165000,2898
București,Aviației,Apartament,94,3,2.0,1954.0,189000,2010
Cluj-Napoca,Zorilor,Apartament,61,2,5.0,1995.0,176000,2882
București,Dorobanți,Apartament,80,2,5.0,,209000,2617
București,Pipera,Casă,114,4,,2012.0,273000,2399
București,Dorobanți,Casă,167,4,,1996.0,452000,2704
București,Dorobanți,Apartament,82,4,8.0,2018.0,217000,2650
Cluj-Napoca,Grigorescu,Apartament,50,2,1.0,1933.0,93000,1853
Cluj-Napoca,Centru,Apartament,90,2,8.0,2022.0,285000,3172
Cluj-Napoca,Andrei Mureșanu,Apartament,65,2,8.0,2015.0,209000,3214
Cluj-Napoca,Andrei Mureșanu,Apartament,63,2,4.0,1981.0,178000,2828
București,Aviației,Apartament,65,1,9.0,2015.0,169000,2601
București,Victoriei,Apartament,82,2,10.0,1939.0,136000,1662
București,Victoriei,Apartament,41,3,8.0,2002.0,85000,2082
București,Băneasa,Apartament,87,4,8.0,1982.0,182000,2092
Cluj-Napoca,Gheorgheni,Apartament,69,2,3.0,2021.0,212000,3077
București,Aviației,Apartament,40,4,6.0,1990.0,91000,2270
București,Victoriei,Apartament,55,3,3.0,2016.0,153000,2777
Cluj-Napoca,Grigorescu,Apartament,72,3,10.0,1991.0,155000,2158
București,Victoriei,Apartament,57,3,4.0,1986.0,118000,2063
București,Ilfov / Voluntari,Apartament,47,3,6.0,2013.0,90000,1905
București,Drumul Taberei,Apartament,53,2,,2019.0,82000,1540
București,Pipera,Casă,140,3,,1962.0,290000,2075
Cluj-Napoca,Mănăștur,Apartament,71,3,,1989.0,118000,1669
București,Dorobanți,Apartament,59,3,7.0,1966.0,136000,2307
București,Aviației,Apartament,93,2,0.0,2009.0,215000,2316
Cluj-Napoca,Bună Ziua,Apartament,29,4,9.0,2006.0,64000,2224
București,Drumul Taberei,Apartament,65,2,,2021.0,100000,1535
Cluj-Napoca,Andrei Mureșanu,Apartament,43,3,4.0,1993.0,121000,2809
Cluj-Napoca,Grigorescu,Apartament,39,2,8.0,1961.0,75000,1911
București,Ilfov / Voluntari,Casă,105,4,,1981.0,149000,1416
București,Titan,Apartament,78,3,8.0,1999.0,111000,1427
București,Ilfov / Voluntari,Apartament,70,2,3.0,2005.0,103000,1473
Cluj-Napoca,Centru,Apartament,77,2,5.0,1990.0,239000,3107
București,Pipera,Casă,152,3,,1991.0,333000,2192
Cluj-Napoca,Florești,Apartament,64,1,9.0,,137000,2147
București,Dorobanți,Casă,95,5,,1997.0,237000,2494
București,Berceni,Apartament,57,3,2.0,2007.0,73000,1287
Cluj-Napoca,Borhanci,Casă,178,5,,1961.0,375000,2107
București,Pipera,Apartament,61,4,3.0,1987.0,133000,2179
București,Băneasa,Casă,80,5,,1985.0,159000,1983
București,Aviației,Apartament,63,3,4.0,2019.0,172000,2725
București,Băneasa,Apartament,70,4,7.0,2012.0,186000,2659
București,Titan,Apartament,107,3,2.0,1999.0,145000,1352
Cluj-Napoca,Andrei Mureșanu,Apartament,44,3,9.0,2010.0,139000,3170
București,Ilfov / Voluntari,Apartament,48,2,8.0,2014.0,89000,1847
București,Pantelimon,Apartament,67,3,0.0,2006.0,81000,1208
Cluj-Napoca,Centru,Apartament,45,2,0.0,1977.0,118000,2628
București,Dorobanți,Casă,140,4,,1950.0,314000,2240
București,Ilfov / Voluntari,Apartament,68,2,8.0,2001.0,97000,1431
Cluj-Napoca,Mănăștur,Apartament,62,2,7.0,1970.0,104000,1673
București,Aviației,Apartament,59,3,10.0,1974.0,125000,2118
București,Dorobanți,Casă,124,6,,1982.0,286000,2307
Cluj-Napoca,Bună Ziua,Casă,84,4,,2024.0,229000,2724
București,Pantelimon,Apartament,43,2,6.0,1976.0,45000,1047
București,Floreasca,Apartament,80,2,2.0,1999.0,208000,2606
Cluj-Napoca,Florești,Apartament,99,3,7.0,2020.0,242000,2448
București,Militari,Apartament,80,3,10.0,2004.0,112000,1404
București,Victoriei,Apartament,69,2,,2011.0,198000,2866
Cluj-Napoca,Borhanci,Casă,166,4,,1984.0,361000,2177
Cluj-Napoca,Centru,Apartament,59,3,4.0,1999.0,188000,3181
Cluj-Napoca,Zorilor,Apartament,64,3,2.0,1970.0,155000,2429
București,Floreasca,Apartament,34,3,9.0,2023.0,101000,2963
București,Victoriei,Apartament,40,2,10.0,1996.0,72000,1794
Cluj-Napoca,Borhanci,Casă,133,4,,1982.0,289000,2171
București,Floreasca,Casă,97,6,,2022.0,315000,3244
Cluj-Napoca,Gheorgheni,Apartament,61,2,10.0,2024.0,161000,2639
Cluj-Napoca,Florești,Apartament,73,3,2.0,1967.0,127000,1737
București,Titan,Apartament,89,3,0.0,2008.0,118000,1322
București,Băneasa,Casă,191,5,,1976.0,404000,2113
Cluj-Napoca,Bună Ziua,Apartament,85,1,4.0,1953.0,179000,2107
București,Titan,Apartament,76,1,8.0,2023.0,127000,1671
București,Victoriei,Apartament,83,3,4.0,2015.0,223000,2684
București,Titan,Apartament,74,2,0.0,1960.0,93000,1253
București,Dorobanți,Apartament,80,3,8.0,1976.0,188000,2356
București,Berceni,Apartament,77,3,3.0,1953.0,88000,1145
Cluj-Napoca,Bună Ziua,Casă,139,4,,2011.0,365000,2625
Cluj-Napoca,Andrei Mureșanu,Casă,120,6,,2017.0,423000,3528
București,Victoriei,Apartament,68,4,5.0,1986.0,131000,1927
Cluj-Napoca,Borhanci,Casă,119,4,,1969.0,257000,2162
București,Titan,Apartament,54,1,10.0,2018.0,78000,1447
București,Băneasa,Casă,197,5,,2023.0,619000,3144
București,Pantelimon,Casă,130,3,,1949.0,146000,1122
București,Berceni,Apartament,46,2,3.0,1972.0,61000,1332
București,Dorobanți,Apartament,76,1,1.0,1992.0,202000,2663
Cluj-Napoca,Zorilor,Casă,159,5,,1999.0,446000,2805
București,Floreasca,Casă,111,3,,1993.0,300000,2700
București,Floreasca,Apartament,81,3,6.0,1987.0,200000,2464
București,Drumul Taberei,Apartament,109,3,1.0,2008.0,176000,1618
București,Băneasa,Casă,199,5,,,410000,2062
București,Militari,Apartament,39,2,9.0,2010.0,57000,1463
București,Aviației,Apartament,53,4,8.0,1992.0,119000,2242
București,Berceni,Apartament,39,2,2.0,1988.0,162010,4154
București,Victoriei,Apartament,57,4,0.0,2019.0,125000,2199
București,Pantelimon,Apartament,67,2,10.0,1995.0,81000,1202
Cluj-Napoca,Centru,Apartament,43,2,10.0,2015.0,152000,3535
București,Floreasca,Apartament,56,1,9.0,,131000,2333
Cluj-Napoca,Gheorgheni,Apartament,28,2,2.0,1977.0,64000,2300
București,Băneasa,Casă,218,4,,2014.0,593000,2719
Cluj-Napoca,Zorilor,Casă,157,4,,2019.0,467000,2974
Cluj-Napoca,Zorilor,Casă,144,4,,1985.0,352000,2447
București,Pantelimon,Casă,139,3,,2018.0,204000,1471
București,Titan,Apartament,76,3,7.0,2018.0,130000,1710
Cluj-Napoca,Florești,Apartament,49,3,6.0,2020.0,112000,2281
Cluj-Napoca,Borhanci,Casă,123,5,,1968.0,265000,2158
București,Pipera,Apartament,70,2,8.0,1997.0,135000,1930
București,Dorobanți,Casă,80,4,,1969.0,179000,2243
Cluj-Napoca,Borhanci,Casă,138,3,,2016.0,383000,2775
București,Militari,Apartament,92,3,4.0,1988.0,110000,1191
București,Drumul Taberei,Apartament,77,2,3.0,1974.0,121000,1571
Cluj-Napoca,Dâmbul Rotund,Apartament,28,2,10.0,2011.0,53000,1898
Cluj-Napoca,Dâmbul Rotund,Apartament,91,2,2.0,2002.0,173000,1899
Cluj-Napoca,Florești,Apartament,58,3,5.0,1967.0,91000,1573
București,Pipera,Apartament,101,3,2.0,,236000,2337
Cluj-Napoca,Dâmbul Rotund,Apartament,102,2,10.0,1980.0,154000,1505
București,Dorobanți,Casă,133,4,,2011.0,387000,2907
București,Drumul Taberei,Apartament,28,2,7.0,2002.0,38000,1342
Cluj-Napoca,Centru,Apartament,28,2,5.0,1995.0,88000,3125
Cluj-Napoca,Florești,Apartament,34,1,3.0,1961.0,61000,1791
Cluj-Napoca,Gheorgheni,Apartament,103,2,10.0,2013.0,286000,2774
București,Floreasca,Apartament,63,2,5.0,1930.0,133000,2105
București,Ilfov / Voluntari,Apartament,70,2,0.0,1938.0,88000,1253
București,Floreasca,Apartament,74,3,5.0,1973.0,158000,2140
Cluj-Napoca,Borhanci,Casă,96,4,,1987.0,224000,2332
București,Drumul Taberei,Apartament,61,2,4.0,1994.0,97000,1583
Cluj-Napoca,Centru,Apartament,72,3,0.0,,249000,3463
Cluj-Napoca,Borhanci,Casă,157,4,,1984.0,386000,2457
București,Dorobanți,Casă,140,3,,,460000,3283
Cluj-Napoca,Borhanci,Casă,131,6,,1988.0,344000,2628
București,Titan,Apartament,54,1,5.0,2009.0,78000,1439
București,Ilfov / Voluntari,Apartament,28,2,5.0,2017.0,50000,1785
București,Drumul Taberei,Apartament,103,1,0.0,2017.0,167000,1626
București,Dorobanți,Apartament,80,1,8.0,2018.0,227000,2841
București,Drumul Taberei,Apartament,37,1,5.0,1975.0,52000,1392
București,Dorobanți,Apartament,51,2,4.0,1986.0,279316,5477
București,Titan,Apartament,36,1,6.0,2008.0,47000,1309
Cluj-Napoca,Zorilor,Apartament,77,1,5.0,1981.0,579222,7522
București,Pantelimon,Casă,117,3,,1968.0,129000,1102
București,Pipera,Casă,95,6,,1993.0,208000,2186
Cluj-Napoca,Florești,Apartament,45,1,2.0,2012.0,108000,2401
Cluj-Napoca,Grigorescu,Apartament,104,2,0.0,1961.0,627685,6035
București,Pipera,Apartament,62,1,9.0,2022.0,170000,2748
Cluj-Napoca,Zorilor,Apartament,61,3,1.0,1988.0,167000,2731
București,Ilfov / Voluntari,Apartament,51,2,8.0,1970.0,68000,1331
Cluj-Napoca,Mănăștur,Apartament,100,1,6.0,2019.0,205000,2052
București,Băneasa,Casă,171,5,,2021.0,443000,2588
Cluj-Napoca,Florești,Apartament,77,1,9.0,2017.0,184000,2388
București,Drumul Taberei,Apartament,75,2,9.0,1965.0,101000,1343
Cluj-Napoca,Bună Ziua,Apartament,70,3,3.0,,167000,2385
Cluj-Napoca,Grigorescu,Apartament,47,3,3.0,2013.0,130000,2762
București,Floreasca,Casă,115,6,,1997.0,290000,2522
Cluj-Napoca,Centru,Apartament,70,3,3.0,1991.0,219000,3127
București,Drumul Taberei,Apartament,37,3,9.0,2021.0,60000,1629
Cluj-Napoca,Zorilor,Apartament,88,3,10.0,2022.0,282000,3208
Cluj-Napoca,Bună Ziua,Casă,205,3,,1990.0,469000,2287
București,Victoriei,Apartament,29,4,1.0,1983.0,52000,1783
București,Militari,Apartament,109,3,8.0,1963.0,135000,1238
București,Aviației,Apartament,109,2,0.0,1971.0,225000,2062
București,Militari,Apartament,82,3,10.0,2022.0,132000,1614
București,Băneasa,Casă,158,5,,1934.0,310000,1959
București,Aviației,Apartament,65,4,3.0,2024.0,176000,2703
Cluj-Napoca,Andrei Mureșanu,Casă,140,6,,1992.0,406000,2898
București,Floreasca,Apartament,28,3,3.0,1980.0,70000,2509
Cluj-Napoca,Centru,Apartament,28,4,3.0,1977.0,80000,2871
București,Berceni,Apartament,72,3,8.0,1936.0,82000,1140
Cluj-Napoca,Gheorgheni,Apartament,59,4,7.0,1984.0,132000,2235
Cluj-Napoca,Centru,Apartament,85,1,4.0,1979.0,260000,3062
București,Pipera,Casă,189,4,,2016.0,480000,2540
Cluj-Napoca,Andrei Mureșanu,Apartament,83,2,2.0,2010.0,279000,3365
București,Băneasa,Apartament,83,1,6.0,1949.0,170000,2043
București,Ilfov / Voluntari,Apartament,57,2,7.0,2021.0,102000,1794
București,Pipera,Apartament,53,1,,2023.0,141000,2657
Cluj-Napoca,Bună Ziua,Apartament,30,1,0.0,1975.0,57000,1903
București,Aviației,Apartament,76,2,5.0,2002.0,584963,7697
Cluj-Napoca,Borhanci,Casă,170,3,,1930.0,452000,2660
Cluj-Napoca,Andrei Mureșanu,Casă,152,4,,1973.0,436000,2866
București,Militari,Apartament,72,3,6.0,2003.0,98000,1365
București,Ilfov / Voluntari,Casă,189,5,,1960.0,271000,1433
București,Berceni,Apartament,67,4,1.0,2014.0,104000,1547
București,Berceni,Apartament,66,3,2.0,1973.0,83000,1260
Cluj-Napoca,Florești,Casă,221,4,,2023.0,503000,2274
Cluj-Napoca,Florești,Apartament,45,1,4.0,,87000,1928
București,Floreasca,Casă,80,5,,2023.0,207000,2582
București,Pantelimon,Casă,177,3,,2014.0,249000,1409
Cluj-Napoca,Bună Ziua,Apartament,79,1,6.0,1987.0,158000,2001
București,Dorobanți,Apartament,82,1,0.0,2021.0,213000,2596
București,Băneasa,Apartament,44,2,2.0,2020.0,125000,2840
București,Berceni,Apartament,62,1,7.0,1990.0,77000,1245
Cluj-Napoca,Dâmbul Rotund,Apartament,70,4,5.0,1992.0,113000,1608
București,Drumul Taberei,Apartament,104,2,5.0,1990.0,145000,1399
București,Băneasa,Casă,152,5,,1986.0,322000,2118
București,Băneasa,Apartament,53,3,0.0,1995.0,114000,2159
București,Dorobanți,Casă,209,4,,2012.0,673000,3221
Cluj-Napoca,Grigorescu,Apartament,56,3,1.0,2023.0,146000,2611
Cluj-Napoca,Florești,Apartament,59,1,7.0,1978.0,109000,1849
București,Dorobanți,Apartament,51,3,5.0,1969.0,116000,2268
București,Ilfov / Voluntari,Apartament,68,3,8.0,2020.0,120000,1770
București,Ilfov / Voluntari,Casă,135,4,,1970.0,194000,1438
București,Pipera,Apartament,87,3,3.0,1983.0,178000,2042
Cluj-Napoca,Centru,Apartament,48,3,2.0,1992.0,162000,3366
București,Berceni,Apartament,39,2,1.0,1991.0,47000,1209
București,Pipera,Apartament,72,3,8.0,2004.0,164000,2279
București,Băneasa,Apartament,62,3,10.0,2013.0,156000,2517
Cluj-Napoca,Zorilor,Casă,178,5,,1967.0,488000,2740
București,Titan,Apartament,68,2,1.0,1989.0,88000,1288
București,Berceni,Apartament,57,3,10.0,2010.0,90000,1587
Cluj-Napoca,Zorilor,Casă,232,4,,1974.0,569000,2452
București,Dorobanți,Apartament,51,3,6.0,2006.0,136000,2659
București,Pipera,Apartament,80,3,9.0,1970.0,151000,1884
Cluj-Napoca,Gheorgheni,Apartament,87,3,9.0,1943.0,179000,2058
Cluj-Napoca,Zorilor,Casă,186,6,,2016.0,607000,3263
Cluj-Napoca,Zorilor,Apartament,80,1,5.0,2007.0,205000,2562
Cluj-Napoca,Centru,Apartament,71,3,4.0,1999.0,203000,2859
București,Berceni,Apartament,45,2,2.0,2002.0,59000,1308
București,Pipera,Apartament,125,2,8.0,2018.0,299000,2393
București,Victoriei,Apartament,64,1,0.0,1966.0,121000,1893
Cluj-Napoca,Florești,Apartament,54,3,,2017.0,119000,2203
București,Floreasca,Apartament,57,3,7.0,1963.0,138000,2429
București,Băneasa,Casă,126,3,,2016.0,300000,2379
Cluj-Napoca,Grigorescu,Apartament,94,3,0.0,2012.0,228000,2421
București,Pipera,Apartament,115,2,5.0,2019.0,298000,2589
București,Pipera,Apartament,72,1,10.0,2018.0,186000,2587
Cluj-Napoca,Florești,Casă,172,5,,1971.0,298000,1733
Cluj-Napoca,Mănăștur,Apartament,31,3,0.0,1974.0,47000,1503
Cluj-Napoca,Andrei Mureșanu,Apartament,45,3,1.0,2008.0,126000,2790
București,Pipera,Casă,140,4,,2022.0,402000,2872
Cluj-Napoca,Centru,Apartament,124,2,3.0,2016.0,448000,3610
București,Victoriei,Apartament,46,3,3.0,2018.0,106000,2310
București,Floreasca,Casă,80,3,,1964.0,201000,2512
București,Berceni,Apartament,61,4,0.0,2010.0,94000,1536
Cluj-Napoca,Andrei Mureșanu,Casă,80,4,,2001.0,211000,2633
Cluj-Napoca,Florești,Casă,112,3,,2021.0,248000,2210
București,Dorobanți,Casă,174,3,,2002.0,406000,2331
Cluj-Napoca,Zorilor,Casă,198,4,,1962.0,528000,2666
Cluj-Napoca,Grigorescu,Apartament,99,1,1.0,2006.0,212000,2144
Cluj-Napoca,Borhanci,Casă,169,4,,1978.0,379000,2245
București,Floreasca,Casă,99,5,,2001.0,271000,2741
București,Victoriei,Apartament,57,3,0.0,2014.0,138000,2418
Cluj-Napoca,Dâmbul Rotund,Apartament,59,4,8.0,2015.0,104000,1757
București,Băneasa,Casă,125,3,,2023.0,372000,2972
București,Dorobanți,Casă,146,5,,1971.0,328000,2247
București,Berceni,Apartament,95,2,8.0,,134000,1413
București,Militari,Apartament,56,2,8.0,1981.0,71000,1266
București,Victoriei,Apartament,66,3,1.0,2016.0,177000,2678
București,Militari,Apartament,69,4,4.0,2011.0,110000,1598
Cluj-Napoca,Centru,Apartament,85,3,1.0,1986.0,226000,2660
Cluj-Napoca,Grigorescu,Apartament,73,1,5.0,2017.0,185000,2530
București,Floreasca,Apartament,84,2,5.0,1973.0,194000,2313
Cluj-Napoca,Grigorescu,Apartament,103,2,4.0,1974.0,211000,2049
Cluj-Napoca,Gheorgheni,Apartament,59,1,,1988.0,123000,2087
Cluj-Napoca,Centru,Apartament,64,2,5.0,2012.0,225000,3516
București,Titan,Apartament,76,1,0.0,1964.0,94000,1236
Cluj-Napoca,Andrei Mureșanu,Casă,158,6,,2003.0,415000,2628
București,Băneasa,Apartament,90,2,6.0,2017.0,254000,2823
București,Băneasa,Casă,115,4,,1949.0,230000,1997
București,Dorobanți,Apartament,66,2,8.0,2014.0,180000,2729
București,Drumul Taberei,Apartament,55,1,4.0,2018.0,87000,1589
București,Titan,Apartament,56,1,8.0,2016.0,94000,1674
București,Floreasca,Casă,140,3,,1971.0,300000,2141
Cluj-Napoca,Borhanci,Casă,126,5,,2018.0,384000,3045
București,Titan,Apartament,65,1,2.0,2022.0,105000,1614
Cluj-Napoca,Andrei Mureșanu,Apartament,52,2,,1972.0,138000,2648
București,Pipera,Apartament,104,3,9.0,2018.0,272000,2613
București,Berceni,Apartament,44,4,10.0,2022.0,65000,1480
București,Berceni,Apartament,68,4,10.0,2023.0,104000,1531
Cluj-Napoca,Grigorescu,Apartament,77,2,8.0,1977.0,149000,1936
București,Dorobanți,Apartament,55,3,9.0,2013.0,149000,2718
Cluj-Napoca,Andrei Mureșanu,Apartament,59,2,10.0,2006.0,161000,2728
Cluj-Napoca,Borhanci,Casă,106,3,,1990.0,244000,2302
București,Victoriei,Apartament,60,1,0.0,1960.0,103000,1719
București,Berceni,Apartament,68,4,9.0,2013.0,100000,1470
Cluj-Napoca,Florești,Casă,107,4,,,201000,1876
București,Victoriei,Apartament,63,2,0.0,2011.0,160000,2537
București,Dorobanți,Apartament,82,3,5.0,1984.0,179000,2178
București,Militari,Apartament,86,3,9.0,1986.0,107000,1240
Cluj-Napoca,Gheorgheni,Apartament,80,2,0.0,2008.0,553703,6921
București,Drumul Taberei,Apartament,61,4,3.0,2023.0,97000,1593
București,Dorobanți,Apartament,53,1,1.0,1961.0,138000,2598
București,Floreasca,Apartament,89,1,7.0,1987.0,198000,2226
București,Pipera,Casă,178,5,,2006.0,414000,2328
București,Floreasca,Casă,107,4,,1998.0,253000,2369
București,Victoriei,Apartament,44,3,3.0,1982.0,88000,2000
București,Pantelimon,Casă,81,6,,2022.0,127000,1569
Cluj-Napoca,Andrei Mureșanu,Casă,117,4,,1977.0,326000,2785
București,Ilfov / Voluntari,Casă,154,4,,1974.0,205000,1329
București,Floreasca,Apartament,65,3,4.0,1937.0,140000,2157
București,Victoriei,Apartament,93,2,5.0,1979.0,185000,1987
Cluj-Napoca,Borhanci,Casă,176,4,,1971.0,425000,2415
București,Militari,Apartament,83,2,1.0,2014.0,138000,1658
București,Aviației,Apartament,71,3,6.0,2022.0,216000,3048
Cluj-Napoca,Centru,Apartament,88,2,6.0,2011.0,323000,3669
Cluj-Napoca,Gheorgheni,Apartament,64,1,1.0,2003.0,144000,2246
București,Militari,Apartament,101,2,4.0,2009.0,154000,1523
Cluj-Napoca,Andrei Mureșanu,Casă,81,6,,2004.0,247000,3044
Cluj-Napoca,Florești,Casă,193,5,,2023.0,456000,2361
Cluj-Napoca,Grigorescu,Apartament,37,1,10.0,2024.0,92000,2478
București,Pipera,Casă,145,3,,1959.0,281000,1937
București,Pipera,Apartament,44,4,7.0,2010.0,113000,2571
București,Aviației,Apartament,58,3,8.0,2011.0,152000,2617
Cluj-Napoca,Bună Ziua,Apartament,87,4,4.0,1961.0,176000,2028
Cluj-Napoca,Zorilor,Casă,267,6,,2019.0,801000,3001
Cluj-Napoca,Borhanci,Casă,126,4,,2018.0,364000,2887
Cluj-Napoca,Zorilor,Casă,177,4,,2015.0,560000,3165
Cluj-Napoca,Centru,Apartament,70,3,2.0,1983.0,188000,2682
București,Dorobanți,Casă,158,4,,1977.0,331000,2097
Cluj-Napoca,Bună Ziua,Apartament,63,1,7.0,,141000,2243
București,Ilfov / Voluntari,Casă,134,6,,2013.0,258000,1922
București,Titan,Apartament,53,3,4.0,1987.0,69000,1306
Cluj-Napoca,Centru,Apartament,96,2,4.0,2022.0,351000,3654
București,Dorobanți,Apartament,41,3,1.0,2013.0,119000,2898
București,Aviației,Apartament,69,1,4.0,1960.0,181000,2622
București,Berceni,Apartament,58,3,9.0,1988.0,69000,1188
Cluj-Napoca,Borhanci,Casă,156,4,,2019.0,480000,3079
Cluj-Napoca,Zorilor,Casă,176,4,,2006.0,504000,2862
București,Victoriei,Apartament,77,2,1.0,2021.0,196000,2540
Cluj-Napoca,Centru,Apartament,80,2,0.0,2021.0,307000,3843
Cluj-Napoca,Gheorgheni,Apartament,37,1,7.0,2003.0,87000,2363
București,Aviației,Apartament,70,2,2.0,2001.0,179000,2552
Cluj-Napoca,Grigorescu,Apartament,78,3,6.0,,170000,2177
București,Floreasca,Apartament,58,2,1.0,1972.0,138000,2383
Cluj-Napoca,Gheorgheni,Apartament,80,3,,1987.0,160000,2004
București,Floreasca,Apartament,98,1,0.0,2023.0,243000,2478
Cluj-Napoca,Borhanci,Casă,147,6,,2007.0,372000,2530
București,Dorobanți,Casă,126,3,,2010.0,418000,3320
București,Ilfov / Voluntari,Apartament,47,1,0.0,1941.0,174539,3714
Cluj-Napoca,Zorilor,Casă,168,4,,1990.0,488000,2905
București,Pantelimon,Apartament,116,3,,1975.0,121000,1046
București,Drumul Taberei,Apartament,87,1,2.0,1977.0,119000,1373
București,Pipera,Apartament,62,2,3.0,2013.0,177000,2852
București,Titan,Apartament,76,1,10.0,2017.0,113000,1492
București,Floreasca,Casă,178,4,,1994.0,457000,2569
București,Băneasa,Apartament,34,2,6.0,2013.0,95000,2804
București,Aviației,Apartament,71,2,4.0,1985.0,163000,2300
Cluj-Napoca,Andrei Mureșanu,Apartament,82,2,3.0,1996.0,236000,2880
București,Aviației,Apartament,56,3,5.0,2003.0,135000,2404
București,Dorobanți,Apartament,77,3,9.0,2004.0,174000,2257
București,Floreasca,Casă,177,5,,1964.0,400000,2259
Cluj-Napoca,Dâmbul Rotund,Apartament,35,1,9.0,1988.0,52000,1474
Cluj-Napoca,Andrei Mureșanu,Apartament,95,3,6.0,1973.0,254000,2676
Cluj-Napoca,Andrei Mureșanu,Apartament,94,3,7.0,2015.0,286000,3044
București,Berceni,Apartament,30,1,3.0,2021.0,49000,1619
Cluj-Napoca,Dâmbul Rotund,Apartament,66,1,4.0,2008.0,114000,1731
Cluj-Napoca,Grigorescu,Apartament,63,2,9.0,1961.0,122000,1931
Cluj-Napoca,Centru,Apartament,72,2,9.0,2019.0,256000,3557
Cluj-Napoca,Centru,Apartament,87,3,3.0,2013.0,333000,3832
Cluj-Napoca,Grigorescu,Apartament,115,3,6.0,2020.0,280000,2439
Cluj-Napoca,Grigorescu,Apartament,52,3,5.0,1995.0,119000,2280
Cluj-Napoca,Dâmbul Rotund,Apartament,108,1,5.0,2013.0,226000,2095
Cluj-Napoca,Centru,Apartament,62,4,6.0,2005.0,193000,3116
București,Dorobanți,Casă,146,5,,2004.0,375000,2571
Cluj-Napoca,Florești,Apartament,46,2,5.0,2015.0,105000,2291
București,Drumul Taberei,Apartament,74,2,3.0,2023.0,127000,1714
Cluj-Napoca,Borhanci,Casă,174,5,,2012.0,546000,3137
București,Militari,Apartament,88,3,6.0,2000.0,119000,1357
București,Dorobanți,Apartament,50,3,10.0,1991.0,131000,2629
București,Aviației,Apartament,77,1,4.0,2013.0,238000,3095
Cluj-Napoca,Gheorgheni,Apartament,94,1,5.0,1966.0,188000,2005
București,Pipera,Apartament,51,3,7.0,1989.0,104000,2048
București,Titan,Apartament,60,2,5.0,2004.0,91000,1510
Cluj-Napoca,Andrei Mureșanu,Apartament,49,2,9.0,1999.0,134000,2741
Cluj-Napoca,Dâmbul Rotund,Apartament,64,1,10.0,1968.0,86000,1343
București,Militari,Apartament,74,2,1.0,2014.0,114000,1544
Cluj-Napoca,Gheorgheni,Apartament,54,3,1.0,1987.0,122000,2268
Cluj-Napoca,Gheorgheni,Apartament,45,2,0.0,1978.0,93000,2056
București,Ilfov / Voluntari,Apartament,100,2,1.0,1965.0,144000,1444
Cluj-Napoca,Zorilor,Apartament,63,1,6.0,1935.0,151000,2401
Cluj-Napoca,Mănăștur,Apartament,91,3,1.0,2011.0,204000,2245
București,Floreasca,Casă,204,4,,1964.0,472000,2314
Cluj-Napoca,Bună Ziua,Casă,122,3,,1984.0,271000,2222
Cluj-Napoca,Gheorgheni,Apartament,59,2,6.0,2014.0,160000,2718
Cluj-Napoca,Borhanci,Casă,111,3,,,298000,2689
București,Aviației,Apartament,69,2,3.0,2015.0,191000,2762
București,Berceni,Apartament,70,4,2.0,1973.0,95000,1354
Cluj-Napoca,Bună Ziua,Casă,195,5,,,533000,2734
Cluj-Napoca,Gheorgheni,Apartament,28,2,1.0,1975.0,65000,2316
București,Drumul Taberei,Apartament,86,4,6.0,2020.0,149000,1735
București,Floreasca,Apartament,100,2,4.0,2012.0,318000,3184
București,Berceni,Apartament,73,2,5.0,2004.0,84000,1148
Cluj-Napoca,Bună Ziua,Apartament,63,3,4.0,1946.0,143000,2266
Cluj-Napoca,Andrei Mureșanu,Casă,142,3,,,486000,3421
București,Berceni,Apartament,28,2,6.0,1994.0,38000,1340
Cluj-Napoca,Bună Ziua,Casă,107,4,,1964.0,227000,2124
Cluj-Napoca,Borhanci,Casă,139,5,,1987.0,311000,2241
Cluj-Napoca,Gheorgheni,Apartament,84,1,7.0,2022.0,234000,2781
Cluj-Napoca,Bună Ziua,Casă,197,3,,1973.0,431000,2187
București,Floreasca,Apartament,82,3,10.0,1966.0,169000,2063
Cluj-Napoca,Dâmbul Rotund,Apartament,43,3,0.0,2020.0,71000,1662
București,Berceni,Apartament,115,2,6.0,1955.0,134000,1167
Cluj-Napoca,Centru,Apartament,92,1,8.0,2019.0,325000,3531
București,Victoriei,Apartament,58,3,10.0,2010.0,114000,1964
București,Victoriei,Apartament,123,2,0.0,1959.0,192000,1561
București,Ilfov / Voluntari,Casă,166,3,,2017.0,327000,1968
Cluj-Napoca,Andrei Mureșanu,Casă,176,5,,1983.0,453000,2576
Cluj-Napoca,Dâmbul Rotund,Apartament,74,2,9.0,1995.0,119000,1609
București,Titan,Apartament,103,2,5.0,2010.0,159000,1544
București,Dorobanți,Apartament,49,3,,1997.0,121000,2462
București,Berceni,Apartament,62,3,9.0,2006.0,79000,1276
Cluj-Napoca,Borhanci,Casă,149,3,,1977.0,323000,2169
Cluj-Napoca,Florești,Apartament,74,3,8.0,1950.0,115000,1549
Cluj-Napoca,Gheorgheni,Apartament,79,4,,1973.0,153000,1942
București,Pipera,Apartament,91,2,6.0,1995.0,198000,2178
Cluj-Napoca,Mănăștur,Apartament,108,4,2.0,1990.0,196000,1811
București,Pipera,Casă,170,6,,1932.0,342000,2012
Cluj-Napoca,Centru,Apartament,92,2,1.0,2011.0,333000,3621
București,Băneasa,Apartament,53,3,0.0,1967.0,90000,1698
Cluj-Napoca,Zorilor,Apartament,96,3,3.0,1976.0,250000,2605
Cluj-Napoca,Centru,Apartament,76,2,7.0,2005.0,250000,3293
Cluj-Napoca,Grigorescu,Apartament,54,2,10.0,2022.0,133000,2468
Cluj-Napoca,Mănăștur,Apartament,73,2,9.0,1992.0,121000,1656
București,Militari,Apartament,32,2,5.0,1993.0,47000,1472
Cluj-Napoca,Zorilor,Casă,156,4,,1997.0,397000,2544
București,Militari,Apartament,101,2,1.0,1990.0,134000,1326
Cluj-Napoca,Florești,Casă,177,4,,2012.0,392000,2213
București,Berceni,Apartament,65,3,9.0,1994.0,80000,1232
București,Ilfov / Voluntari,Apartament,91,1,10.0,1966.0,123000,1347
Cluj-Napoca,Bună Ziua,Casă,127,4,,1976.0,287000,2258
Cluj-Napoca,Andrei Mureșanu,Apartament,28,2,9.0,1974.0,70000,2498
București,Militari,Apartament,28,3,8.0,1962.0,35000,1247
București,Victoriei,Apartament,85,3,2.0,1934.0,167000,1959
București,Dorobanți,Apartament,87,3,,1964.0,225000,2588
Cluj-Napoca,Gheorgheni,Apartament,45,2,5.0,1982.0,337765,7506
București,Ilfov / Voluntari,Casă,149,5,,2015.0,305000,2048
Cluj-Napoca,Bună Ziua,Apartament,81,1,9.0,1977.0,160000,1971
Cluj-Napoca,Andrei Mureșanu,Casă,153,4,,2000.0,421000,2754
Cluj-Napoca,Grigorescu,Apartament,50,3,1.0,1933.0,110000,2195
Cluj-Napoca,Centru,Apartament,63,1,5.0,1968.0,174000,2754
Cluj-Napoca,Bună Ziua,Apartament,45,2,2.0,1980.0,89000,1975
Cluj-Napoca,Andrei Mureșanu,Apartament,65,2,4.0,2020.0,233000,3588
București,Victoriei,Apartament,64,2,5.0,1930.0,108000,1690
Cluj-Napoca,Mănăștur,Apartament,83,2,0.0,1992.0,135000,1627
București,Ilfov / Voluntari,Apartament,63,3,10.0,1995.0,100000,1590
Cluj-Napoca,Centru,Apartament,33,3,2.0,1995.0,108000,3275
București,Băneasa,Casă,189,3,,2008.0,457000,2420
București,Ilfov / Voluntari,Apartament,28,1,,1980.0,41000,1474
București,Băneasa,Apartament,66,4,10.0,,133000,2009
Cluj-Napoca,Gheorgheni,Apartament,69,1,1.0,1993.0,171000,2474
București,Pipera,Apartament,65,2,1.0,2007.0,149000,2293
București,Floreasca,Casă,209,4,,2017.0,667000,3190
București,Băneasa,Casă,137,3,,2015.0,358000,2611
București,Titan,Apartament,108,3,9.0,1982.0,140000,1294
Cluj-Napoca,Zorilor,Casă,175,5,,1987.0,442000,2523
București,Pipera,Casă,202,3,,2008.0,491000,2431
București,Drumul Taberei,Apartament,51,2,7.0,1974.0,66000,1296
București,Dorobanți,Apartament,79,3,5.0,1992.0,215000,2724
București,Drumul Taberei,Apartament,50,3,8.0,1969.0,66000,1319
București,Titan,Apartament,117,3,1.0,1962.0,156000,1335
București,Ilfov / Voluntari,Casă,92,4,,1987.0,130000,1408
Cluj-Napoca,Gheorgheni,Apartament,123,3,3.0,1939.0,297000,2418
București,Drumul Taberei,Apartament,102,1,8.0,1986.0,464188,4551
București,Berceni,Apartament,86,2,5.0,2009.0,115000,1336
București,Victoriei,Apartament,69,3,1.0,1974.0,138000,1995
Cluj-Napoca,Andrei Mureșanu,Casă,144,6,,2015.0,473000,3288
București,Berceni,Apartament,45,3,3.0,1987.0,54000,1191
Cluj-Napoca,Zorilor,Apartament,65,3,2.0,1984.0,158000,2424
Cluj-Napoca,Zorilor,Casă,156,5,,2011.0,476000,3049
București,Berceni,Apartament,101,1,6.0,1991.0,136000,1351
Cluj-Napoca,Zorilor,Casă,180,5,,2024.0,606000,3365
Cluj-Napoca,Andrei Mureșanu,Apartament,58,2,2.0,2022.0,197000,3389
Cluj-Napoca,Gheorgheni,Apartament,55,1,7.0,1960.0,112000,2034
București,Militari,Apartament,57,4,2.0,1993.0,81000,1421
Cluj-Napoca,Gheorgheni,Apartament,65,1,8.0,1961.0,135000,2076
Cluj-Napoca,Dâmbul Rotund,Apartament,68,2,1.0,2023.0,143000,2109
Cluj-Napoca,Bună Ziua,Casă,108,4,,1976.0,256000,2373
Cluj-Napoca,Mănăștur,Apartament,58,2,2.0,1991.0,122000,2108
București,Militari,Apartament,73,2,10.0,1972.0,92000,1257
Cluj-Napoca,Bună Ziua,Casă,126,4,,1993.0,274000,2176
Cluj-Napoca,Andrei Mureșanu,Apartament,80,2,5.0,1962.0,227000,2839
București,Aviației,Apartament,69,1,9.0,1951.0,139000,2012
Cluj-Napoca,Centru,Apartament,71,2,6.0,1969.0,197000,2778
Cluj-Napoca,Zorilor,Apartament,41,3,6.0,2002.0,106000,2575
București,Băneasa,Apartament,76,1,7.0,2016.0,200000,2626
București,Băneasa,Apartament,28,2,1.0,1962.0,64000,2275
Cluj-Napoca,Borhanci,Casă,122,3,,2015.0,374000,3065
București,Pantelimon,Apartament,84,1,,1951.0,94000,1115
București,Dorobanți,Casă,137,3,,2021.0,404000,2951
Cluj-Napoca,Bună Ziua,Apartament,69,3,7.0,2021.0,197000,2859
București,Pipera,Apartament,99,3,3.0,2009.0,219000,2216
Cluj-Napoca,Mănăștur,Apartament,83,2,3.0,2010.0,178000,2148
Cluj-Napoca,Centru,Apartament,63,2,8.0,1985.0,184000,2914
București,Pipera,Apartament,94,2,10.0,2004.0,189000,2012
București,Pipera,Apartament,53,3,7.0,2010.0,141000,2663
București,Floreasca,Apartament,114,2,1.0,1948.0,255000,2241
București,Aviației,Apartament,85,3,10.0,1974.0,186000,2184
București,Floreasca,Casă,171,5,,2015.0,540000,3157
București,Aviației,Apartament,44,2,2.0,1980.0,104000,2362
Cluj-Napoca,Centru,Apartament,84,3,4.0,1979.0,249000,2970
Cluj-Napoca,Borhanci,Casă,187,4,,1985.0,489000,2616
Cluj-Napoca,Bună Ziua,Casă,124,3,,1984.0,270000,2178
București,Aviației,Apartament,59,2,10.0,2006.0,146000,2475
Cluj-Napoca,Grigorescu,Apartament,110,3,3.0,2019.0,306000,2785
Cluj-Napoca,Mănăștur,Apartament,62,3,6.0,2021.0,132000,2122
Cluj-Napoca,Centru,Apartament,40,3,4.0,2021.0,157000,3920
Cluj-Napoca,Florești,Casă,132,5,,1960.0,242000,1835
Cluj-Napoca,Bună Ziua,Apartament,67,2,10.0,1971.0,134000,1997
Cluj-Napoca,Andrei Mureșanu,Casă,175,6,,2012.0,511000,2922
București,Dorobanți,Casă,210,6,,1965.0,511000,2433
București,Băneasa,Casă,88,4,,1989.0,172000,1955
București,Băneasa,Casă,185,6,,2011.0,519000,2803
Cluj-Napoca,Dâmbul Rotund,Apartament,86,3,6.0,2010.0,181000,2107
București,Victoriei,Apartament,51,1,0.0,2005.0,106000,2076
Cluj-Napoca,Florești,Casă,180,5,,2023.0,463000,2570
București,Drumul Taberei,Apartament,71,4,6.0,1998.0,101000,1416
Cluj-Napoca,Dâmbul Rotund,Apartament,61,4,1.0,1977.0,87000,1421
Cluj-Napoca,Gheorgheni,Apartament,69,4,6.0,1980.0,138000,1996
Cluj-Napoca,Centru,Apartament,42,4,2.0,2000.0,127000,3034
București,Aviației,Apartament,73,2,0.0,1995.0,178000,2443
Cluj-Napoca,Andrei Mureșanu,Apartament,66,2,7.0,2013.0,197000,2978
București,Ilfov / Voluntari,Casă,141,6,,1974.0,194000,1375
Cluj-Napoca,Andrei Mureșanu,Apartament,82,2,4.0,1971.0,209000,2553
Cluj-Napoca,Centru,Apartament,28,3,10.0,1982.0,80000,2864
Cluj-Napoca,Florești,Casă,152,4,,1995.0,295000,1939
Cluj-Napoca,Centru,Apartament,103,2,1.0,1996.0,975142,9467
București,Dorobanți,Apartament,55,4,2.0,1971.0,137000,2487
București,Militari,Apartament,44,2,9.0,,58000,1328
București,Pantelimon,Casă,226,4,,1993.0,305000,1351
Cluj-Napoca,Borhanci,Casă,153,6,,1980.0,340000,2222
București,Drumul Taberei,Apartament,57,2,10.0,1959.0,63000,1112
București,Floreasca,Casă,126,3,,2004.0,347000,2755
Cluj-Napoca,Grigorescu,Apartament,75,1,4.0,1981.0,142000,1895
Cluj-Napoca,Zorilor,Apartament,34,3,3.0,2003.0,93000,2741
București,Drumul Taberei,Apartament,87,4,7.0,2013.0,155000,1778
Cluj-Napoca,Mănăștur,Apartament,80,1,4.0,2002.0,136000,1702
Cluj-Napoca,Gheorgheni,Apartament,50,2,7.0,1978.0,107000,2145
Cluj-Napoca,Zorilor,Casă,127,3,,1961.0,302000,2377
București,Băneasa,Apartament,28,3,10.0,2024.0,80000,2860
București,Militari,Apartament,48,4,,2006.0,64000,1331
București,Băneasa,Casă,123,6,,2012.0,349000,2837
București,Ilfov / Voluntari,Apartament,63,4,4.0,1995.0,93000,1476
București,Băneasa,Casă,174,5,,2013.0,418000,2404
Cluj-Napoca,Andrei Mureșanu,Casă,120,4,,1957.0,283000,2362
București,Floreasca,Apartament,62,2,9.0,1995.0,140000,2257
Cluj-Napoca,Mănăștur,Apartament,60,2,8.0,1962.0,94000,1574
București,Floreasca,Casă,203,3,,2020.0,616000,3034
București,Pipera,Apartament,68,1,5.0,2016.0,178000,2619
Cluj-Napoca,Mănăștur,Apartament,52,2,3.0,1952.0,91000,1755
București,Aviației,Apartament,72,1,7.0,1982.0,162000,2256
Cluj-Napoca,Mănăștur,Apartament,49,1,4.0,2005.0,84000,1724
Cluj-Napoca,Andrei Mureșanu,Casă,140,3,,1980.0,415000,2966
București,Pipera,Casă,127,5,,1961.0,254000,2002
București,Berceni,Apartament,49,3,8.0,2004.0,63000,1276
Cluj-Napoca,Florești,Apartament,75,1,10.0,2015.0,159000,2119
București,Ilfov / Voluntari,Casă,119,3,,1968.0,163000,1373
Cluj-Napoca,Bună Ziua,Apartament,58,2,,1971.0,118000,2028
Cluj-Napoca,Mănăștur,Apartament,43,4,5.0,1994.0,77000,1798
București,Victoriei,Apartament,93,2,2.0,2005.0,180000,1931
București,Berceni,Apartament,49,2,4.0,2019.0,77000,1570
București,Dorobanți,Apartament,65,4,4.0,1978.0,149000,2295
București,Drumul Taberei,Apartament,65,4,9.0,1988.0,86000,1324
Cluj-Napoca,Florești,Casă,130,4,,2008.0,255000,1963
București,Pipera,Apartament,104,4,2.0,1999.0,263000,2531
București,Băneasa,Apartament,59,3,,,143000,2421
București,Pipera,Casă,97,5,,2021.0,254000,2618
București,Victoriei,Apartament,28,1,4.0,2014.0,72000,2581
București,Berceni,Apartament,109,1,6.0,1988.0,139000,1272
București,Floreasca,Apartament,76,3,5.0,1997.0,178000,2345
București,Aviației,Apartament,76,2,,1984.0,168000,2215
Cluj-Napoca,Centru,Apartament,50,1,3.0,1990.0,158000,3150
Cluj-Napoca,Centru,Apartament,31,4,5.0,1963.0,94000,3046
Cluj-Napoca,Grigorescu,Apartament,49,2,6.0,1966.0,100000,2042
București,Victoriei,Apartament,71,2,,2013.0,163000,2296
București,Pantelimon,Apartament,67,3,9.0,2021.0,96000,1426
București,Pipera,Casă,147,6,,2022.0,393000,2672
Cluj-Napoca,Dâmbul Rotund,Apartament,63,3,2.0,1982.0,98000,1552
Cluj-Napoca,Bună Ziua,Casă,165,3,,1967.0,316000,1913
Cluj-Napoca,Mănăștur,Apartament,61,2,5.0,2001.0,97000,1583
București,Dorobanți,Apartament,61,3,1.0,1970.0,155000,2539
Cluj-Napoca,Grigorescu,Apartament,76,4,1.0,1960.0,171000,2246
București,Pipera,Casă,102,4,,1983.0,206000,2022
București,Dorobanți,Apartament,58,1,,2001.0,158000,2728
Cluj-Napoca,Borhanci,Casă,141,5,,1997.0,381000,2702
Cluj-Napoca,Borhanci,Casă,89,5,,2022.0,249000,2799
București,Pipera,Apartament,79,3,7.0,2014.0,227000,2869
București,Titan,Apartament,40,1,5.0,2018.0,67000,1676
București,Drumul Taberei,Apartament,115,3,1.0,2008.0,174000,1509
Cluj-Napoca,Bună Ziua,Apartament,64,3,6.0,1977.0,139000,2176
Cluj-Napoca,Borhanci,Casă,127,4,,2005.0,321000,2527
Cluj-Napoca,Andrei Mureșanu,Apartament,94,2,4.0,1996.0,279000,2965
București,Floreasca,Apartament,82,2,1.0,2024.0,223000,2724
București,Pipera,Apartament,91,4,6.0,1961.0,185000,2029
București,Drumul Taberei,Apartament,111,3,,1987.0,137000,1236
Cluj-Napoca,Andrei Mureșanu,Casă,133,6,,1991.0,396000,2981
București,Pipera,Casă,177,5,,1975.0,397000,2243
București,Aviației,Apartament,79,3,6.0,2021.0,225000,2853
București,Dorobanți,Casă,154,5,,2016.0,493000,3200
București,Aviației,Apartament,68,2,8.0,1960.0,135000,1986
Cluj-Napoca,Dâmbul Rotund,Apartament,77,1,,1977.0,111000,1438
București,Pipera,Apartament,88,4,3.0,1976.0,180000,2041
București,Berceni,Apartament,58,1,0.0,2015.0,77000,1336
București,Titan,Apartament,97,2,4.0,2018.0,166000,1712
Cluj-Napoca,Andrei Mureșanu,Casă,228,3,,2005.0,535000,2347
Cluj-Napoca,Gheorgheni,Apartament,68,1,,2002.0,179000,2631
Cluj-Napoca,Grigorescu,Apartament,60,1,3.0,1932.0,121000,2018
Cluj-Napoca,Bună Ziua,Apartament,71,1,1.0,2014.0,190000,2682
Cluj-Napoca,Gheorgheni,Apartament,90,2,9.0,2024.0,237000,2632
București,Floreasca,Casă,148,3,,2015.0,425000,2870
Cluj-Napoca,Dâmbul Rotund,Apartament,96,2,7.0,1971.0,139000,1449
Cluj-Napoca,Borhanci,Casă,151,5,,1999.0,370000,2453
București,Berceni,Apartament,55,1,4.0,1989.0,63000,1140
Cluj-Napoca,Gheorgheni,Apartament,62,3,2.0,1986.0,139000,2244
Cluj-Napoca,Bună Ziua,Apartament,86,3,8.0,1984.0,174000,2024
București,Dorobanți,Apartament,68,3,4.0,2012.0,212000,3123
Cluj-Napoca,Gheorgheni,Apartament,90,2,7.0,2011.0,258000,2866
Cluj-Napoca,Bună Ziua,Casă,227,4,,1980.0,460000,2026
București,Berceni,Apartament,64,2,8.0,1976.0,76000,1195
București,Aviației,Apartament,90,1,8.0,1975.0,191000,2126
București,Pipera,Apartament,68,2,6.0,1979.0,145000,2135
Cluj-Napoca,Dâmbul Rotund,Apartament,43,1,7.0,2013.0,87000,2021
București,Ilfov / Voluntari,Casă,194,4,,2014.0,377000,1944
București,Victoriei,Apartament,28,3,8.0,1976.0,56000,2016
București,Ilfov / Voluntari,Apartament,38,2,5.0,2014.0,68000,1790
București,Berceni,Apartament,94,3,5.0,1997.0,128000,1358
Cluj-Napoca,Andrei Mureșanu,Casă,233,5,,2019.0,1703346,7310
Cluj-Napoca,Gheorgheni,Apartament,86,1,1.0,2000.0,205000,2387
București,Aviației,Apartament,105,1,7.0,1970.0,226000,2152
București,Băneasa,Apartament,33,2,2.0,1965.0,75000,2264
Cluj-Napoca,Grigorescu,Apartament,83,2,9.0,1982.0,166000,1998
București,Băneasa,Casă,128,5,,2010.0,359000,2802
Cluj-Napoca,Gheorgheni,Apartament,76,2,4.0,2021.0,220000,2889
București,Pipera,Apartament,31,3,4.0,1969.0,73000,2346
București,Aviației,Apartament,50,3,10.0,1999.0,110000,2191
București,Drumul Taberei,Apartament,84,3,9.0,1965.0,118000,1399
Cluj-Napoca,Dâmbul Rotund,Apartament,66,2,10.0,1997.0,86000,1303
București,Floreasca,Apartament,64,1,2.0,2020.0,170000,2659
București,Victoriei,Apartament,93,3,3.0,2005.0,189000,2031
Cluj-Napoca,Centru,Apartament,66,4,1.0,1995.0,202000,3062
București,Dorobanți,Apartament,60,3,0.0,1962.0,122000,2032
Cluj-Napoca,Gheorgheni,Apartament,136,3,10.0,2021.0,333000,2446
București,Pipera,Apartament,73,3,6.0,2019.0,175000,2394
București,Dorobanți,Casă,88,4,,1999.0,229000,2597
București,Titan,Apartament,86,3,7.0,1991.0,120000,1392
București,Pantelimon,Apartament,72,2,5.0,1982.0,259652,3606
Cluj-Napoca,Gheorgheni,Apartament,96,1,8.0,1969.0,215000,2244
București,Berceni,Apartament,54,3,3.0,1988.0,67000,1241
